Site,Litter species,Condition,Replicate,Mesh size,Breakdownrate,Organism group
1,Alder,Mixed-species litterbags,1,Coarse,0.010372954,Detritivores
1,Alder,Mixed-species litterbags,2,Coarse,0.007656959,Detritivores
1,Alder,Mixed-species litterbags,3,Coarse,0.008340659,Detritivores
1,Alder,Mixed-species litterbags,4,Coarse,0.005299791,Detritivores
1,Alder,Mixed-species litterbags,1,Fine,0.003208258,Microbes
1,Alder,Mixed-species litterbags,2,Fine,0.001936555,Microbes
1,Alder,Mixed-species litterbags,3,Fine,0.000185889,Microbes
1,Alder,Mixed-species litterbags,4,Fine,0.003237917,Microbes
1,Alder,Single-species litterbags,1,Coarse,0.012236858,Detritivores
1,Alder,Single-species litterbags,2,Coarse,0.007650921,Detritivores
1,Alder,Single-species litterbags,3,Coarse,0.008479583,Detritivores
1,Alder,Single-species litterbags,4,Coarse,0.00922053,Detritivores
1,Alder,Single-species litterbags,1,Fine,0.00155637,Microbes
1,Alder,Single-species litterbags,2,Fine,0.001643299,Microbes
1,Alder,Single-species litterbags,3,Fine,0.001201842,Microbes
1,Alder,Single-species litterbags,4,Fine,0.001777971,Microbes
1,Oak,Mixed-species litterbags,1,Coarse,0.000601707,Detritivores
1,Oak,Mixed-species litterbags,2,Coarse,0.002926441,Detritivores
1,Oak,Mixed-species litterbags,3,Coarse,0.003606829,Detritivores
1,Oak,Mixed-species litterbags,4,Coarse,0.00430825,Detritivores
1,Oak,Mixed-species litterbags,1,Fine,0.000634688,Microbes
1,Oak,Mixed-species litterbags,2,Fine,0.000567569,Microbes
1,Oak,Mixed-species litterbags,3,Fine,0.00104257,Microbes
1,Oak,Mixed-species litterbags,4,Fine,0.000726357,Microbes
1,Oak,Single-species litterbags,1,Coarse,0.002124005,Detritivores
1,Oak,Single-species litterbags,2,Coarse,0.002374566,Detritivores
1,Oak,Single-species litterbags,3,Coarse,0.001095953,Detritivores
1,Oak,Single-species litterbags,4,Coarse,0.002995865,Detritivores
1,Oak,Single-species litterbags,1,Fine,0.000820069,Microbes
1,Oak,Single-species litterbags,2,Fine,0.000858986,Microbes
1,Oak,Single-species litterbags,3,Fine,0.000622167,Microbes
1,Oak,Single-species litterbags,4,Fine,0.000463297,Microbes
1,Robinia,Mixed-species litterbags,1,Coarse,0.004184879,Detritivores
1,Robinia,Mixed-species litterbags,2,Coarse,0.005114696,Detritivores
1,Robinia,Mixed-species litterbags,3,Coarse,0.004762203,Detritivores
1,Robinia,Mixed-species litterbags,4,Coarse,0.003458748,Detritivores
1,Robinia,Mixed-species litterbags,1,Fine,0.000430344,Microbes
1,Robinia,Mixed-species litterbags,2,Fine,0.001000508,Microbes
1,Robinia,Mixed-species litterbags,3,Fine,0.001237774,Microbes
1,Robinia,Mixed-species litterbags,4,Fine,0.001341639,Microbes
1,Robinia,Single-species litterbags,1,Coarse,0.004636462,Detritivores
1,Robinia,Single-species litterbags,2,Coarse,0.003139213,Detritivores
1,Robinia,Single-species litterbags,3,Coarse,0.002513908,Detritivores
1,Robinia,Single-species litterbags,4,Coarse,0.002836469,Detritivores
1,Robinia,Single-species litterbags,1,Fine,0.001543323,Microbes
1,Robinia,Single-species litterbags,2,Fine,0.001602337,Microbes
1,Robinia,Single-species litterbags,3,Fine,0.001349332,Microbes
1,Robinia,Single-species litterbags,4,Fine,0.001059713,Microbes
2,Alder,Mixed-species litterbags,1,Coarse,0.003784371,Detritivores
2,Alder,Mixed-species litterbags,2,Coarse,0.002727761,Detritivores
2,Alder,Mixed-species litterbags,3,Coarse,0.001789478,Detritivores
2,Alder,Mixed-species litterbags,4,Coarse,0.002476861,Detritivores
2,Alder,Mixed-species litterbags,1,Fine,0.002290166,Microbes
2,Alder,Mixed-species litterbags,2,Fine,0.001254071,Microbes
2,Alder,Mixed-species litterbags,3,Fine,0.00213965,Microbes
2,Alder,Mixed-species litterbags,4,Fine,0.00168973,Microbes
2,Alder,Single-species litterbags,1,Coarse,0.001974465,Detritivores
2,Alder,Single-species litterbags,2,Coarse,0.003995403,Detritivores
2,Alder,Single-species litterbags,3,Coarse,0.002622864,Detritivores
2,Alder,Single-species litterbags,4,Coarse,0.001818451,Detritivores
2,Alder,Single-species litterbags,1,Fine,0.001494848,Microbes
2,Alder,Single-species litterbags,2,Fine,0.001424095,Microbes
2,Alder,Single-species litterbags,3,Fine,0.00170385,Microbes
2,Alder,Single-species litterbags,4,Fine,0.001903659,Microbes
2,Oak,Mixed-species litterbags,1,Coarse,0.001006835,Detritivores
2,Oak,Mixed-species litterbags,2,Coarse,0.000978012,Detritivores
2,Oak,Mixed-species litterbags,3,Coarse,0.000683316,Detritivores
2,Oak,Mixed-species litterbags,4,Coarse,0.00191961,Detritivores
2,Oak,Mixed-species litterbags,1,Fine,0.001287659,Microbes
2,Oak,Mixed-species litterbags,2,Fine,0.000897556,Microbes
2,Oak,Mixed-species litterbags,3,Fine,0.001069267,Microbes
2,Oak,Mixed-species litterbags,4,Fine,0.000919805,Microbes
2,Oak,Single-species litterbags,1,Coarse,0.001023001,Detritivores
2,Oak,Single-species litterbags,2,Coarse,0.000741154,Detritivores
2,Oak,Single-species litterbags,3,Coarse,0.000905432,Detritivores
2,Oak,Single-species litterbags,4,Coarse,0.000860771,Detritivores
2,Oak,Single-species litterbags,1,Fine,0.00092015,Microbes
2,Oak,Single-species litterbags,2,Fine,0.000908411,Microbes
2,Oak,Single-species litterbags,3,Fine,0.001169141,Microbes
2,Oak,Single-species litterbags,4,Fine,0.000855423,Microbes
2,Robinia,Mixed-species litterbags,1,Coarse,0.001565549,Detritivores
2,Robinia,Mixed-species litterbags,2,Coarse,0.001250902,Detritivores
2,Robinia,Mixed-species litterbags,3,Coarse,0.001359858,Detritivores
2,Robinia,Mixed-species litterbags,4,Coarse,0.001857233,Detritivores
2,Robinia,Mixed-species litterbags,1,Fine,0.001516712,Microbes
2,Robinia,Mixed-species litterbags,2,Fine,0.000821937,Microbes
2,Robinia,Mixed-species litterbags,3,Fine,0.000997821,Microbes
2,Robinia,Mixed-species litterbags,4,Fine,0.001255017,Microbes
2,Robinia,Single-species litterbags,1,Coarse,0.001492929,Detritivores
2,Robinia,Single-species litterbags,2,Coarse,0.001243055,Detritivores
2,Robinia,Single-species litterbags,3,Coarse,0.001573403,Detritivores
2,Robinia,Single-species litterbags,4,Coarse,0.001444001,Detritivores
2,Robinia,Single-species litterbags,1,Fine,0.000975565,Microbes
2,Robinia,Single-species litterbags,2,Fine,0.000852521,Microbes
2,Robinia,Single-species litterbags,3,Fine,0.001115245,Microbes
2,Robinia,Single-species litterbags,4,Fine,0.00091352,Microbes
3,Alder,Mixed-species litterbags,1,Coarse,0.019229503,Detritivores
3,Alder,Mixed-species litterbags,2,Coarse,0.003467183,Detritivores
3,Alder,Mixed-species litterbags,3,Coarse,0.007321226,Detritivores
3,Alder,Mixed-species litterbags,4,Coarse,0.009923961,Detritivores
3,Alder,Mixed-species litterbags,1,Fine,0.002043674,Microbes
3,Alder,Mixed-species litterbags,2,Fine,0.002024766,Microbes
3,Alder,Mixed-species litterbags,3,Fine,0.002012818,Microbes
3,Alder,Mixed-species litterbags,4,Fine,0.001942693,Microbes
3,Alder,Single-species litterbags,1,Coarse,0.054808025,Detritivores
3,Alder,Single-species litterbags,2,Coarse,0.005266801,Detritivores
3,Alder,Single-species litterbags,3,Coarse,0.004887525,Detritivores
3,Alder,Single-species litterbags,4,Coarse,0.054817244,Detritivores
3,Alder,Single-species litterbags,1,Fine,0.001681753,Microbes
3,Alder,Single-species litterbags,2,Fine,0.001706103,Microbes
3,Alder,Single-species litterbags,3,Fine,0.001227332,Microbes
3,Alder,Single-species litterbags,4,Fine,0.002146113,Microbes
3,Oak,Mixed-species litterbags,1,Coarse,0.011293076,Detritivores
3,Oak,Mixed-species litterbags,2,Coarse,0.002389809,Detritivores
3,Oak,Mixed-species litterbags,3,Coarse,0.032488341,Detritivores
3,Oak,Mixed-species litterbags,4,Coarse,0.002782482,Detritivores
3,Oak,Mixed-species litterbags,1,Fine,0.0008381,Microbes
3,Oak,Mixed-species litterbags,2,Fine,0.000824125,Microbes
3,Oak,Mixed-species litterbags,3,Fine,0.001042847,Microbes
3,Oak,Mixed-species litterbags,4,Fine,0.000827543,Microbes
3,Oak,Single-species litterbags,1,Coarse,0.004015008,Detritivores
3,Oak,Single-species litterbags,2,Coarse,0.002834878,Detritivores
3,Oak,Single-species litterbags,3,Coarse,0.00208184,Detritivores
3,Oak,Single-species litterbags,4,Coarse,0.00279202,Detritivores
3,Oak,Single-species litterbags,1,Fine,0.000807002,Microbes
3,Oak,Single-species litterbags,2,Fine,0.000804975,Microbes
3,Oak,Single-species litterbags,3,Fine,0.000823481,Microbes
3,Oak,Single-species litterbags,4,Fine,0.000841845,Microbes
3,Robinia,Mixed-species litterbags,1,Coarse,0.049602608,Detritivores
3,Robinia,Mixed-species litterbags,2,Coarse,0.002395362,Detritivores
3,Robinia,Mixed-species litterbags,3,Coarse,0.002656561,Detritivores
3,Robinia,Mixed-species litterbags,4,Coarse,0.002262448,Detritivores
3,Robinia,Mixed-species litterbags,1,Fine,0.001239315,Microbes
3,Robinia,Mixed-species litterbags,2,Fine,0.000953013,Microbes
3,Robinia,Mixed-species litterbags,3,Fine,0.000954304,Microbes
3,Robinia,Mixed-species litterbags,4,Fine,0.001091206,Microbes
3,Robinia,Single-species litterbags,1,Coarse,0.006740248,Detritivores
3,Robinia,Single-species litterbags,2,Coarse,0.007450793,Detritivores
3,Robinia,Single-species litterbags,3,Coarse,0.004610366,Detritivores
3,Robinia,Single-species litterbags,4,Coarse,0.002507162,Detritivores
3,Robinia,Single-species litterbags,1,Fine,0.001693991,Microbes
3,Robinia,Single-species litterbags,2,Fine,0.002031875,Microbes
3,Robinia,Single-species litterbags,3,Fine,0.001003836,Microbes
3,Robinia,Single-species litterbags,4,Fine,0.001112011,Microbes
4,Alder,Mixed-species litterbags,1,Coarse,0.007832237,Detritivores
4,Alder,Mixed-species litterbags,2,Coarse,0.008528537,Detritivores
4,Alder,Mixed-species litterbags,3,Coarse,0.002997529,Detritivores
4,Alder,Mixed-species litterbags,4,Coarse,0.008030606,Detritivores
4,Alder,Mixed-species litterbags,1,Fine,0.008034941,Microbes
4,Alder,Mixed-species litterbags,2,Fine,0.005611671,Microbes
4,Alder,Mixed-species litterbags,3,Fine,0.00213577,Microbes
4,Alder,Mixed-species litterbags,4,Fine,0.009696775,Microbes
4,Alder,Single-species litterbags,1,Coarse,0.009910417,Detritivores
4,Alder,Single-species litterbags,2,Coarse,0.020226765,Detritivores
4,Alder,Single-species litterbags,3,Coarse,0.020657091,Detritivores
4,Alder,Single-species litterbags,4,Coarse,0.010564993,Detritivores
4,Alder,Single-species litterbags,1,Fine,0.00288726,Microbes
4,Alder,Single-species litterbags,2,Fine,0.002547307,Microbes
4,Alder,Single-species litterbags,3,Fine,0.002935175,Microbes
4,Alder,Single-species litterbags,4,Fine,0.002852216,Microbes
4,Oak,Mixed-species litterbags,1,Coarse,0.001506364,Detritivores
4,Oak,Mixed-species litterbags,2,Coarse,0.002013439,Detritivores
4,Oak,Mixed-species litterbags,3,Coarse,0.001158743,Detritivores
4,Oak,Mixed-species litterbags,4,Coarse,0.001659712,Detritivores
4,Oak,Mixed-species litterbags,1,Fine,0.001119098,Microbes
4,Oak,Mixed-species litterbags,2,Fine,0.00126287,Microbes
4,Oak,Mixed-species litterbags,3,Fine,0.000781559,Microbes
4,Oak,Mixed-species litterbags,4,Fine,0.001090392,Microbes
4,Oak,Single-species litterbags,1,Coarse,0.001589286,Detritivores
4,Oak,Single-species litterbags,2,Coarse,0.00159438,Detritivores
4,Oak,Single-species litterbags,3,Coarse,0.002135178,Detritivores
4,Oak,Single-species litterbags,4,Coarse,0.001654261,Detritivores
4,Oak,Single-species litterbags,1,Fine,0.001234629,Microbes
4,Oak,Single-species litterbags,2,Fine,0.001049164,Microbes
4,Oak,Single-species litterbags,3,Fine,0.001390171,Microbes
4,Oak,Single-species litterbags,4,Fine,0.000943428,Microbes
4,Robinia,Mixed-species litterbags,1,Coarse,0.00382802,Detritivores
4,Robinia,Mixed-species litterbags,2,Coarse,0.003861382,Detritivores
4,Robinia,Mixed-species litterbags,3,Coarse,0.003428057,Detritivores
4,Robinia,Mixed-species litterbags,4,Coarse,0.005137822,Detritivores
4,Robinia,Mixed-species litterbags,1,Fine,0.001140284,Microbes
4,Robinia,Mixed-species litterbags,2,Fine,0.001546009,Microbes
4,Robinia,Mixed-species litterbags,3,Fine,0.000857201,Microbes
4,Robinia,Mixed-species litterbags,4,Fine,0.00202375,Microbes
4,Robinia,Single-species litterbags,1,Coarse,0.002558342,Detritivores
4,Robinia,Single-species litterbags,2,Coarse,0.008350682,Detritivores
4,Robinia,Single-species litterbags,3,Coarse,0.004435994,Detritivores
4,Robinia,Single-species litterbags,4,Coarse,0.003775647,Detritivores
4,Robinia,Single-species litterbags,1,Fine,0.002450219,Microbes
4,Robinia,Single-species litterbags,2,Fine,0.002526604,Microbes
4,Robinia,Single-species litterbags,3,Fine,0.002640662,Microbes
4,Robinia,Single-species litterbags,4,Fine,0.002747023,Microbes
5,Alder,Mixed-species litterbags,1,Coarse,0.062572458,Detritivores
5,Alder,Mixed-species litterbags,2,Coarse,0.062659419,Detritivores
5,Alder,Mixed-species litterbags,3,Coarse,0.062649821,Detritivores
5,Alder,Mixed-species litterbags,4,Coarse,0.062591895,Detritivores
5,Alder,Mixed-species litterbags,1,Fine,0.002413398,Microbes
5,Alder,Mixed-species litterbags,2,Fine,0.005536131,Microbes
5,Alder,Mixed-species litterbags,3,Fine,0.002698985,Microbes
5,Alder,Mixed-species litterbags,4,Fine,0.003372205,Microbes
5,Alder,Single-species litterbags,1,Coarse,0.069584188,Detritivores
5,Alder,Single-species litterbags,2,Coarse,0.069590046,Detritivores
5,Alder,Single-species litterbags,3,Coarse,0.069584188,Detritivores
5,Alder,Single-species litterbags,4,Coarse,0.069616337,Detritivores
5,Alder,Single-species litterbags,1,Fine,0.002700634,Microbes
5,Alder,Single-species litterbags,2,Fine,0.002062547,Microbes
5,Alder,Single-species litterbags,3,Fine,0.003834687,Microbes
5,Alder,Single-species litterbags,4,Fine,0.001992207,Microbes
5,Oak,Mixed-species litterbags,1,Coarse,0.0159942,Detritivores
5,Oak,Mixed-species litterbags,2,Coarse,0.025315812,Detritivores
5,Oak,Mixed-species litterbags,3,Coarse,0.009595954,Detritivores
5,Oak,Mixed-species litterbags,4,Coarse,0.01961894,Detritivores
5,Oak,Mixed-species litterbags,1,Fine,0.001535665,Microbes
5,Oak,Mixed-species litterbags,2,Fine,0.00169698,Microbes
5,Oak,Mixed-species litterbags,3,Fine,0.000955525,Microbes
5,Oak,Mixed-species litterbags,4,Fine,0.001513093,Microbes
5,Oak,Single-species litterbags,1,Coarse,0.00914522,Detritivores
5,Oak,Single-species litterbags,2,Coarse,0.007057798,Detritivores
5,Oak,Single-species litterbags,3,Coarse,0.01201483,Detritivores
5,Oak,Single-species litterbags,4,Coarse,0.012701281,Detritivores
5,Oak,Single-species litterbags,1,Fine,0.001380646,Microbes
5,Oak,Single-species litterbags,2,Fine,0.00093233,Microbes
5,Oak,Single-species litterbags,3,Fine,0.001225739,Microbes
5,Oak,Single-species litterbags,4,Fine,0.001446911,Microbes
5,Robinia,Mixed-species litterbags,1,Coarse,0.063085403,Detritivores
5,Robinia,Mixed-species litterbags,2,Coarse,0.028002547,Detritivores
5,Robinia,Mixed-species litterbags,3,Coarse,0.063209783,Detritivores
5,Robinia,Mixed-species litterbags,4,Coarse,0.063085403,Detritivores
5,Robinia,Mixed-species litterbags,1,Fine,0.003898948,Microbes
5,Robinia,Mixed-species litterbags,2,Fine,0.001296248,Microbes
5,Robinia,Mixed-species litterbags,3,Fine,0.000985088,Microbes
5,Robinia,Mixed-species litterbags,4,Fine,0.002854952,Microbes
5,Robinia,Single-species litterbags,1,Coarse,0.032712457,Detritivores
5,Robinia,Single-species litterbags,2,Coarse,0.070102119,Detritivores
5,Robinia,Single-species litterbags,3,Coarse,0.014296672,Detritivores
5,Robinia,Single-species litterbags,4,Coarse,0.016888273,Detritivores
5,Robinia,Single-species litterbags,1,Fine,0.00197694,Microbes
5,Robinia,Single-species litterbags,2,Fine,0.000817737,Microbes
5,Robinia,Single-species litterbags,3,Fine,0.002249929,Microbes
5,Robinia,Single-species litterbags,4,Fine,0.002516434,Microbes
6,Alder,Mixed-species litterbags,1,Coarse,0.004520608,Detritivores
6,Alder,Mixed-species litterbags,2,Coarse,0.008041523,Detritivores
6,Alder,Mixed-species litterbags,3,Coarse,0.004926702,Detritivores
6,Alder,Mixed-species litterbags,4,Coarse,0.010540181,Detritivores
6,Alder,Mixed-species litterbags,1,Fine,0.002100588,Microbes
6,Alder,Mixed-species litterbags,2,Fine,0.002891593,Microbes
6,Alder,Mixed-species litterbags,3,Fine,0.001367326,Microbes
6,Alder,Mixed-species litterbags,4,Fine,0.001947982,Microbes
6,Alder,Single-species litterbags,1,Coarse,0.00482109,Detritivores
6,Alder,Single-species litterbags,2,Coarse,0.00402086,Detritivores
6,Alder,Single-species litterbags,3,Coarse,0.004362227,Detritivores
6,Alder,Single-species litterbags,4,Coarse,0.004367374,Detritivores
6,Alder,Single-species litterbags,1,Fine,0.002086195,Microbes
6,Alder,Single-species litterbags,2,Fine,0.001745837,Microbes
6,Alder,Single-species litterbags,3,Fine,0.002023795,Microbes
6,Alder,Single-species litterbags,4,Fine,0.001915868,Microbes
6,Oak,Mixed-species litterbags,1,Coarse,0.001341648,Detritivores
6,Oak,Mixed-species litterbags,2,Coarse,0.001650879,Detritivores
6,Oak,Mixed-species litterbags,3,Coarse,0.00148119,Detritivores
6,Oak,Mixed-species litterbags,4,Coarse,0.001202286,Detritivores
6,Oak,Mixed-species litterbags,1,Fine,0.000827475,Microbes
6,Oak,Mixed-species litterbags,2,Fine,0.000794749,Microbes
6,Oak,Mixed-species litterbags,3,Fine,0.001115573,Microbes
6,Oak,Mixed-species litterbags,4,Fine,0.000909448,Microbes
6,Oak,Single-species litterbags,1,Coarse,0.001431838,Detritivores
6,Oak,Single-species litterbags,2,Coarse,0.001820665,Detritivores
6,Oak,Single-species litterbags,3,Coarse,0.001304427,Detritivores
6,Oak,Single-species litterbags,4,Coarse,0.001137453,Detritivores
6,Oak,Single-species litterbags,1,Fine,0.000681647,Microbes
6,Oak,Single-species litterbags,2,Fine,0.001112682,Microbes
6,Oak,Single-species litterbags,3,Fine,0.000908395,Microbes
6,Oak,Single-species litterbags,4,Fine,0.000930266,Microbes
6,Robinia,Mixed-species litterbags,1,Coarse,0.002627216,Detritivores
6,Robinia,Mixed-species litterbags,2,Coarse,0.005022194,Detritivores
6,Robinia,Mixed-species litterbags,3,Coarse,0.001934983,Detritivores
6,Robinia,Mixed-species litterbags,4,Coarse,0.00279266,Detritivores
6,Robinia,Mixed-species litterbags,1,Fine,0.001689215,Microbes
6,Robinia,Mixed-species litterbags,2,Fine,0.001436352,Microbes
6,Robinia,Mixed-species litterbags,3,Fine,0.00171088,Microbes
6,Robinia,Mixed-species litterbags,4,Fine,0.001344339,Microbes
6,Robinia,Single-species litterbags,1,Coarse,0.003102367,Detritivores
6,Robinia,Single-species litterbags,2,Coarse,0.002285027,Detritivores
6,Robinia,Single-species litterbags,3,Coarse,0.00285401,Detritivores
6,Robinia,Single-species litterbags,4,Coarse,0.002664074,Detritivores
6,Robinia,Single-species litterbags,1,Fine,0.001624783,Microbes
6,Robinia,Single-species litterbags,2,Fine,0.001488371,Microbes
6,Robinia,Single-species litterbags,3,Fine,0.001657906,Microbes
6,Robinia,Single-species litterbags,4,Fine,0.001664381,Microbes
7,Alder,Mixed-species litterbags,1,Coarse,0.039534255,Detritivores
7,Alder,Mixed-species litterbags,2,Coarse,0.039540378,Detritivores
7,Alder,Mixed-species litterbags,3,Coarse,0.039540378,Detritivores
7,Alder,Mixed-species litterbags,4,Coarse,0.039546491,Detritivores
7,Alder,Mixed-species litterbags,1,Fine,0.006829157,Microbes
7,Alder,Mixed-species litterbags,2,Fine,0.003844301,Microbes
7,Alder,Mixed-species litterbags,3,Fine,0.004511084,Microbes
7,Alder,Mixed-species litterbags,4,Fine,0.006349792,Microbes
7,Alder,Single-species litterbags,1,Coarse,0.06742685,Detritivores
7,Alder,Single-species litterbags,2,Coarse,0.027783424,Detritivores
7,Alder,Single-species litterbags,3,Coarse,0.023701336,Detritivores
7,Alder,Single-species litterbags,4,Coarse,0.022819358,Detritivores
7,Alder,Single-species litterbags,1,Fine,0.002730834,Microbes
7,Alder,Single-species litterbags,2,Fine,0.002867438,Microbes
7,Alder,Single-species litterbags,3,Fine,0.00266667,Microbes
7,Alder,Single-species litterbags,4,Fine,0.004582703,Microbes
7,Oak,Mixed-species litterbags,1,Coarse,0.007097757,Detritivores
7,Oak,Mixed-species litterbags,2,Coarse,0.009681353,Detritivores
7,Oak,Mixed-species litterbags,3,Coarse,0.01135139,Detritivores
7,Oak,Mixed-species litterbags,4,Coarse,0.00983969,Detritivores
7,Oak,Mixed-species litterbags,1,Fine,0.001421909,Microbes
7,Oak,Mixed-species litterbags,2,Fine,0.001413938,Microbes
7,Oak,Mixed-species litterbags,3,Fine,0.001239219,Microbes
7,Oak,Mixed-species litterbags,4,Fine,0.00165383,Microbes
7,Oak,Single-species litterbags,1,Coarse,0.004627892,Detritivores
7,Oak,Single-species litterbags,2,Coarse,0.004125026,Detritivores
7,Oak,Single-species litterbags,3,Coarse,0.004004468,Detritivores
7,Oak,Single-species litterbags,4,Coarse,0.013858491,Detritivores
7,Oak,Single-species litterbags,1,Fine,0.001662086,Microbes
7,Oak,Single-species litterbags,2,Fine,0.001231171,Microbes
7,Oak,Single-species litterbags,3,Fine,0.001241568,Microbes
7,Oak,Single-species litterbags,4,Fine,0.001396318,Microbes
7,Robinia,Mixed-species litterbags,1,Coarse,0.006355901,Detritivores
7,Robinia,Mixed-species litterbags,2,Coarse,0.039728049,Detritivores
7,Robinia,Mixed-species litterbags,3,Coarse,0.006432687,Detritivores
7,Robinia,Mixed-species litterbags,4,Coarse,0.002842085,Detritivores
7,Robinia,Mixed-species litterbags,1,Fine,0.004401007,Microbes
7,Robinia,Mixed-species litterbags,2,Fine,0.002207026,Microbes
7,Robinia,Mixed-species litterbags,3,Fine,0.001357276,Microbes
7,Robinia,Mixed-species litterbags,4,Fine,0.001848299,Microbes
7,Robinia,Single-species litterbags,1,Coarse,0.003443566,Detritivores
7,Robinia,Single-species litterbags,2,Coarse,0.004227216,Detritivores
7,Robinia,Single-species litterbags,3,Coarse,0.00530527,Detritivores
7,Robinia,Single-species litterbags,4,Coarse,0.004843054,Detritivores
7,Robinia,Single-species litterbags,1,Fine,0.002933688,Microbes
7,Robinia,Single-species litterbags,2,Fine,0.002047152,Microbes
7,Robinia,Single-species litterbags,3,Fine,0.001717784,Microbes
7,Robinia,Single-species litterbags,4,Fine,0.002738077,Microbes
8,Alder,Mixed-species litterbags,1,Coarse,0.014725046,Detritivores
8,Alder,Mixed-species litterbags,2,Coarse,0.022845658,Detritivores
8,Alder,Mixed-species litterbags,3,Coarse,0.014031227,Detritivores
8,Alder,Mixed-species litterbags,4,Coarse,0.051885711,Detritivores
8,Alder,Mixed-species litterbags,1,Fine,0.00101506,Microbes
8,Alder,Mixed-species litterbags,2,Fine,0.00220032,Microbes
8,Alder,Mixed-species litterbags,3,Fine,0.003194717,Microbes
8,Alder,Mixed-species litterbags,4,Fine,0.002886447,Microbes
8,Alder,Single-species litterbags,1,Coarse,0.018110791,Detritivores
8,Alder,Single-species litterbags,2,Coarse,0.014543063,Detritivores
8,Alder,Single-species litterbags,3,Coarse,0.015896843,Detritivores
8,Alder,Single-species litterbags,4,Coarse,0.017388453,Detritivores
8,Alder,Single-species litterbags,1,Fine,0.001338041,Microbes
8,Alder,Single-species litterbags,2,Fine,0.002639519,Microbes
8,Alder,Single-species litterbags,3,Fine,0.001424013,Microbes
8,Alder,Single-species litterbags,4,Fine,0.001514495,Microbes
8,Oak,Mixed-species litterbags,1,Coarse,0.003214564,Detritivores
8,Oak,Mixed-species litterbags,2,Coarse,0.006414567,Detritivores
8,Oak,Mixed-species litterbags,3,Coarse,0.00554666,Detritivores
8,Oak,Mixed-species litterbags,4,Coarse,0.006598066,Detritivores
8,Oak,Mixed-species litterbags,1,Fine,0.000997448,Microbes
8,Oak,Mixed-species litterbags,2,Fine,0.000724854,Microbes
8,Oak,Mixed-species litterbags,3,Fine,0.001470831,Microbes
8,Oak,Mixed-species litterbags,4,Fine,0.000911599,Microbes
8,Oak,Single-species litterbags,1,Coarse,0.005243967,Detritivores
8,Oak,Single-species litterbags,2,Coarse,0.008155184,Detritivores
8,Oak,Single-species litterbags,3,Coarse,0.004909711,Detritivores
8,Oak,Single-species litterbags,4,Coarse,0.006671676,Detritivores
8,Oak,Single-species litterbags,1,Fine,0.00038240802,Microbes
8,Oak,Single-species litterbags,2,Fine,0.000682845,Microbes
8,Oak,Single-species litterbags,3,Fine,0.000716695,Microbes
8,Oak,Single-species litterbags,4,Fine,0.000465178,Microbes
8,Robinia,Mixed-species litterbags,1,Coarse,0.010860214,Detritivores
8,Robinia,Mixed-species litterbags,2,Coarse,0.009286159,Detritivores
8,Robinia,Mixed-species litterbags,3,Coarse,0.015432254,Detritivores
8,Robinia,Mixed-species litterbags,4,Coarse,0.011524932,Detritivores
8,Robinia,Mixed-species litterbags,1,Fine,0.001656547,Microbes
8,Robinia,Mixed-species litterbags,2,Fine,0.002025049,Microbes
8,Robinia,Mixed-species litterbags,3,Fine,0.001579701,Microbes
8,Robinia,Mixed-species litterbags,4,Fine,0.001134976,Microbes
8,Robinia,Single-species litterbags,1,Coarse,0.012711413,Detritivores
8,Robinia,Single-species litterbags,2,Coarse,0.009434877,Detritivores
8,Robinia,Single-species litterbags,3,Coarse,0.006025535,Detritivores
8,Robinia,Single-species litterbags,4,Coarse,0.003761898,Detritivores
8,Robinia,Single-species litterbags,1,Fine,0.001706754,Microbes
8,Robinia,Single-species litterbags,2,Fine,0.001220314,Microbes
8,Robinia,Single-species litterbags,3,Fine,0.001336216,Microbes
8,Robinia,Single-species litterbags,4,Fine,0.001014232,Microbes
9,Alder,Mixed-species litterbags,1,Coarse,0.004820718,Detritivores
9,Alder,Mixed-species litterbags,2,Coarse,0.005770055,Detritivores
9,Alder,Mixed-species litterbags,3,Coarse,0.002952895,Detritivores
9,Alder,Mixed-species litterbags,4,Coarse,0.004631352,Detritivores
9,Alder,Mixed-species litterbags,1,Fine,0.001872025,Microbes
9,Alder,Mixed-species litterbags,2,Fine,0.002430864,Microbes
9,Alder,Mixed-species litterbags,3,Fine,0.002654199,Microbes
9,Alder,Mixed-species litterbags,4,Fine,0.002643438,Microbes
9,Alder,Single-species litterbags,1,Coarse,0.003721468,Detritivores
9,Alder,Single-species litterbags,2,Coarse,0.003227568,Detritivores
9,Alder,Single-species litterbags,3,Coarse,0.006522201,Detritivores
9,Alder,Single-species litterbags,4,Coarse,0.004331661,Detritivores
9,Alder,Single-species litterbags,1,Fine,0.002030205,Microbes
9,Alder,Single-species litterbags,2,Fine,0.00208782,Microbes
9,Alder,Single-species litterbags,3,Fine,0.002016563,Microbes
9,Alder,Single-species litterbags,4,Fine,0.002862505,Microbes
9,Oak,Mixed-species litterbags,1,Coarse,0.001761565,Detritivores
9,Oak,Mixed-species litterbags,2,Coarse,0.000999891,Detritivores
9,Oak,Mixed-species litterbags,3,Coarse,0.001405955,Detritivores
9,Oak,Mixed-species litterbags,4,Coarse,0.001307709,Detritivores
9,Oak,Mixed-species litterbags,1,Fine,0.001089514,Microbes
9,Oak,Mixed-species litterbags,2,Fine,0.000878052,Microbes
9,Oak,Mixed-species litterbags,3,Fine,0.000993372,Microbes
9,Oak,Mixed-species litterbags,4,Fine,0.000954441,Microbes
9,Oak,Single-species litterbags,1,Coarse,0.001005728,Detritivores
9,Oak,Single-species litterbags,2,Coarse,0.001036285,Detritivores
9,Oak,Single-species litterbags,3,Coarse,0.000959806,Detritivores
9,Oak,Single-species litterbags,4,Coarse,0.001150257,Detritivores
9,Oak,Single-species litterbags,1,Fine,0.000872272,Microbes
9,Oak,Single-species litterbags,2,Fine,0.00112825,Microbes
9,Oak,Single-species litterbags,3,Fine,0.000968025,Microbes
9,Oak,Single-species litterbags,4,Fine,0.000861187,Microbes
9,Robinia,Mixed-species litterbags,1,Coarse,0.001864126,Detritivores
9,Robinia,Mixed-species litterbags,2,Coarse,0.003715497,Detritivores
9,Robinia,Mixed-species litterbags,3,Coarse,0.002947764,Detritivores
9,Robinia,Mixed-species litterbags,4,Coarse,0.002606475,Detritivores
9,Robinia,Mixed-species litterbags,1,Fine,0.001924642,Microbes
9,Robinia,Mixed-species litterbags,2,Fine,0.002896455,Microbes
9,Robinia,Mixed-species litterbags,3,Fine,0.001261179,Microbes
9,Robinia,Mixed-species litterbags,4,Fine,0.001276615,Microbes
9,Robinia,Single-species litterbags,1,Coarse,0.002724878,Detritivores
9,Robinia,Single-species litterbags,2,Coarse,0.002005941,Detritivores
9,Robinia,Single-species litterbags,3,Coarse,0.001378114,Detritivores
9,Robinia,Single-species litterbags,4,Coarse,0.001418882,Detritivores
9,Robinia,Single-species litterbags,1,Fine,0.002098771,Microbes
9,Robinia,Single-species litterbags,2,Fine,0.001336598,Microbes
9,Robinia,Single-species litterbags,3,Fine,0.001061046,Microbes
9,Robinia,Single-species litterbags,4,Fine,0.001082628,Microbes
10,Alder,Mixed-species litterbags,1,Coarse,0.013325618,Detritivores
10,Alder,Mixed-species litterbags,2,Coarse,0.015260883,Detritivores
10,Alder,Mixed-species litterbags,3,Coarse,0.009311944,Detritivores
10,Alder,Mixed-species litterbags,4,Coarse,0.006156372,Detritivores
10,Alder,Mixed-species litterbags,1,Fine,0.002606196,Microbes
10,Alder,Mixed-species litterbags,2,Fine,0.004517438,Microbes
10,Alder,Mixed-species litterbags,3,Fine,0.001578429,Microbes
10,Alder,Mixed-species litterbags,4,Fine,0.004411881,Microbes
10,Alder,Single-species litterbags,1,Coarse,0.019579394,Detritivores
10,Alder,Single-species litterbags,2,Coarse,0.049152457,Detritivores
10,Alder,Single-species litterbags,3,Coarse,0.024449322,Detritivores
10,Alder,Single-species litterbags,4,Coarse,0.013358015,Detritivores
10,Alder,Single-species litterbags,1,Fine,0.001862957,Microbes
10,Alder,Single-species litterbags,2,Fine,0.003218484,Microbes
10,Alder,Single-species litterbags,3,Fine,0.002661592,Microbes
10,Alder,Single-species litterbags,4,Fine,0.001326208,Microbes
10,Oak,Mixed-species litterbags,1,Coarse,0.008224732,Detritivores
10,Oak,Mixed-species litterbags,2,Coarse,0.004264119,Detritivores
10,Oak,Mixed-species litterbags,3,Coarse,0.002084693,Detritivores
10,Oak,Mixed-species litterbags,4,Coarse,0.044542376,Detritivores
10,Oak,Mixed-species litterbags,1,Fine,0.001172543,Microbes
10,Oak,Mixed-species litterbags,2,Fine,0.001316297,Microbes
10,Oak,Mixed-species litterbags,3,Fine,0.000614197,Microbes
10,Oak,Mixed-species litterbags,4,Fine,0.001270268,Microbes
10,Oak,Single-species litterbags,1,Coarse,0.002029177,Detritivores
10,Oak,Single-species litterbags,2,Coarse,0.006210987,Detritivores
10,Oak,Single-species litterbags,3,Coarse,0.002298701,Detritivores
10,Oak,Single-species litterbags,4,Coarse,0.001940276,Detritivores
10,Oak,Single-species litterbags,1,Fine,0.001117331,Microbes
10,Oak,Single-species litterbags,2,Fine,0.000931778,Microbes
10,Oak,Single-species litterbags,3,Fine,0.000626431,Microbes
10,Oak,Single-species litterbags,4,Fine,0.000743953,Microbes
10,Robinia,Mixed-species litterbags,1,Coarse,0.044502561,Detritivores
10,Robinia,Mixed-species litterbags,2,Coarse,0.015914106,Detritivores
10,Robinia,Mixed-species litterbags,3,Coarse,0.007048907,Detritivores
10,Robinia,Mixed-species litterbags,4,Coarse,0.007278524,Detritivores
10,Robinia,Mixed-species litterbags,1,Fine,0.002234588,Microbes
10,Robinia,Mixed-species litterbags,2,Fine,0.00319995,Microbes
10,Robinia,Mixed-species litterbags,3,Fine,0.001999973,Microbes
10,Robinia,Mixed-species litterbags,4,Fine,0.001775777,Microbes
10,Robinia,Single-species litterbags,1,Coarse,0.012403663,Detritivores
10,Robinia,Single-species litterbags,2,Coarse,0.004944444,Detritivores
10,Robinia,Single-species litterbags,3,Coarse,0.008528245,Detritivores
10,Robinia,Single-species litterbags,4,Coarse,0.021908579,Detritivores
10,Robinia,Single-species litterbags,1,Fine,0.001839439,Microbes
10,Robinia,Single-species litterbags,2,Fine,0.001664826,Microbes
10,Robinia,Single-species litterbags,3,Fine,0.002318505,Microbes
10,Robinia,Single-species litterbags,4,Fine,0.001650135,Microbes
11,Alder,Mixed-species litterbags,1,Coarse,0.004110452,Detritivores
11,Alder,Mixed-species litterbags,2,Coarse,0.006777931,Detritivores
11,Alder,Mixed-species litterbags,3,Coarse,0.007802058,Detritivores
11,Alder,Mixed-species litterbags,4,Coarse,0.009713745,Detritivores
11,Alder,Mixed-species litterbags,1,Fine,0.002388697,Microbes
11,Alder,Mixed-species litterbags,2,Fine,0.004014945,Microbes
11,Alder,Mixed-species litterbags,3,Fine,0.001813811,Microbes
11,Alder,Mixed-species litterbags,4,Fine,0.001719714,Microbes
11,Alder,Single-species litterbags,1,Coarse,0.003425783,Detritivores
11,Alder,Single-species litterbags,2,Coarse,0.001207697,Detritivores
11,Alder,Single-species litterbags,3,Coarse,0.00769009,Detritivores
11,Alder,Single-species litterbags,4,Coarse,0.00395586,Detritivores
11,Alder,Single-species litterbags,1,Fine,0.001830034,Microbes
11,Alder,Single-species litterbags,2,Fine,0.001600288,Microbes
11,Alder,Single-species litterbags,3,Fine,0.001815124,Microbes
11,Alder,Single-species litterbags,4,Fine,0.002476388,Microbes
11,Oak,Mixed-species litterbags,1,Coarse,0.000806151,Detritivores
11,Oak,Mixed-species litterbags,2,Coarse,0.000893465,Detritivores
11,Oak,Mixed-species litterbags,3,Coarse,0.001401859,Detritivores
11,Oak,Mixed-species litterbags,4,Coarse,0.001418047,Detritivores
11,Oak,Mixed-species litterbags,1,Fine,0.000796054,Microbes
11,Oak,Mixed-species litterbags,2,Fine,0.000754427,Microbes
11,Oak,Mixed-species litterbags,3,Fine,0.001218134,Microbes
11,Oak,Mixed-species litterbags,4,Fine,0.00084937,Microbes
11,Oak,Single-species litterbags,1,Coarse,0.000520961,Detritivores
11,Oak,Single-species litterbags,2,Coarse,0.001249592,Detritivores
11,Oak,Single-species litterbags,3,Coarse,0.000576034,Detritivores
11,Oak,Single-species litterbags,4,Coarse,0.001409816,Detritivores
11,Oak,Single-species litterbags,1,Fine,0.000589718,Microbes
11,Oak,Single-species litterbags,2,Fine,0.00071815,Microbes
11,Oak,Single-species litterbags,3,Fine,0.001516473,Microbes
11,Oak,Single-species litterbags,4,Fine,0.001289346,Microbes
11,Robinia,Mixed-species litterbags,1,Coarse,0.004525519,Detritivores
11,Robinia,Mixed-species litterbags,2,Coarse,0.001733781,Detritivores
11,Robinia,Mixed-species litterbags,3,Coarse,0.001854605,Detritivores
11,Robinia,Mixed-species litterbags,4,Coarse,0.004079422,Detritivores
11,Robinia,Mixed-species litterbags,1,Fine,0.001287354,Microbes
11,Robinia,Mixed-species litterbags,2,Fine,0.000858335,Microbes
11,Robinia,Mixed-species litterbags,3,Fine,0.001865812,Microbes
11,Robinia,Mixed-species litterbags,4,Fine,0.000980814,Microbes
11,Robinia,Single-species litterbags,1,Coarse,0.004446341,Detritivores
11,Robinia,Single-species litterbags,2,Coarse,0.001931066,Detritivores
11,Robinia,Single-species litterbags,3,Coarse,0.003165885,Detritivores
11,Robinia,Single-species litterbags,4,Coarse,0.00223151,Detritivores
11,Robinia,Single-species litterbags,1,Fine,0.002267787,Microbes
11,Robinia,Single-species litterbags,2,Fine,0.001584702,Microbes
11,Robinia,Single-species litterbags,3,Fine,0.001832037,Microbes
11,Robinia,Single-species litterbags,4,Fine,0.001917698,Microbes
12,Alder,Mixed-species litterbags,1,Coarse,0.014180626,Detritivores
12,Alder,Mixed-species litterbags,2,Coarse,0.007033382,Detritivores
12,Alder,Mixed-species litterbags,3,Coarse,0.036346127,Detritivores
12,Alder,Mixed-species litterbags,4,Coarse,0.00464551,Detritivores
12,Alder,Mixed-species litterbags,1,Fine,0.003184689,Microbes
12,Alder,Mixed-species litterbags,2,Fine,0.002894559,Microbes
12,Alder,Mixed-species litterbags,3,Fine,0.002501191,Microbes
12,Alder,Mixed-species litterbags,4,Fine,0.003168778,Microbes
12,Alder,Single-species litterbags,1,Coarse,0.018048734,Detritivores
12,Alder,Single-species litterbags,2,Coarse,0.020434201,Detritivores
12,Alder,Single-species litterbags,3,Coarse,0.030923688,Detritivores
12,Alder,Single-species litterbags,4,Coarse,0.012583859,Detritivores
12,Alder,Single-species litterbags,1,Fine,0.001903061,Microbes
12,Alder,Single-species litterbags,2,Fine,0.002165002,Microbes
12,Alder,Single-species litterbags,3,Fine,0.002681193,Microbes
12,Alder,Single-species litterbags,4,Fine,0.002075246,Microbes
12,Oak,Mixed-species litterbags,1,Coarse,0.002511018,Detritivores
12,Oak,Mixed-species litterbags,2,Coarse,0.007746119,Detritivores
12,Oak,Mixed-species litterbags,3,Coarse,0.002002708,Detritivores
12,Oak,Mixed-species litterbags,4,Coarse,0.004693228,Detritivores
12,Oak,Mixed-species litterbags,1,Fine,0.000894527,Microbes
12,Oak,Mixed-species litterbags,2,Fine,0.00135382,Microbes
12,Oak,Mixed-species litterbags,3,Fine,0.0009584,Microbes
12,Oak,Mixed-species litterbags,4,Fine,0.001430008,Microbes
12,Oak,Single-species litterbags,1,Coarse,0.003473872,Detritivores
12,Oak,Single-species litterbags,2,Coarse,0.004581263,Detritivores
12,Oak,Single-species litterbags,3,Coarse,0.004226852,Detritivores
12,Oak,Single-species litterbags,4,Coarse,0.003454264,Detritivores
12,Oak,Single-species litterbags,1,Fine,0.001157748,Microbes
12,Oak,Single-species litterbags,2,Fine,0.001521954,Microbes
12,Oak,Single-species litterbags,3,Fine,0.001319642,Microbes
12,Oak,Single-species litterbags,4,Fine,0.001449556,Microbes
12,Robinia,Mixed-species litterbags,1,Coarse,0.003494554,Detritivores
12,Robinia,Mixed-species litterbags,2,Coarse,0.006366677,Detritivores
12,Robinia,Mixed-species litterbags,3,Coarse,0.00450088,Detritivores
12,Robinia,Mixed-species litterbags,4,Coarse,0.004067422,Detritivores
12,Robinia,Mixed-species litterbags,1,Fine,0.002283466,Microbes
12,Robinia,Mixed-species litterbags,2,Fine,0.001853087,Microbes
12,Robinia,Mixed-species litterbags,3,Fine,0.001577515,Microbes
12,Robinia,Mixed-species litterbags,4,Fine,0.001326288,Microbes
12,Robinia,Single-species litterbags,1,Coarse,0.004489183,Detritivores
12,Robinia,Single-species litterbags,2,Coarse,0.00847231,Detritivores
12,Robinia,Single-species litterbags,3,Coarse,0.004538403,Detritivores
12,Robinia,Single-species litterbags,4,Coarse,0.006646893,Detritivores
12,Robinia,Single-species litterbags,1,Fine,0.001873329,Microbes
12,Robinia,Single-species litterbags,2,Fine,0.001804896,Microbes
12,Robinia,Single-species litterbags,3,Fine,0.001791808,Microbes
12,Robinia,Single-species litterbags,4,Fine,0.001900055,Microbes
13,Alder,Mixed-species litterbags,1,Coarse,0.015252972,Detritivores
13,Alder,Mixed-species litterbags,2,Coarse,0.041745401,Detritivores
13,Alder,Mixed-species litterbags,3,Coarse,0.014063981,Detritivores
13,Alder,Mixed-species litterbags,4,Coarse,0.041629496,Detritivores
13,Alder,Mixed-species litterbags,1,Fine,0.002480067,Microbes
13,Alder,Mixed-species litterbags,2,Fine,0.004042189,Microbes
13,Alder,Mixed-species litterbags,3,Fine,0.004101518,Microbes
13,Alder,Mixed-species litterbags,4,Fine,0.002854531,Microbes
13,Alder,Single-species litterbags,1,Coarse,0.005924478,Detritivores
13,Alder,Single-species litterbags,2,Coarse,0.07226436,Detritivores
13,Alder,Single-species litterbags,3,Coarse,0.024312098,Detritivores
13,Alder,Single-species litterbags,4,Coarse,0.046352001,Detritivores
13,Alder,Single-species litterbags,1,Fine,0.003498158,Microbes
13,Alder,Single-species litterbags,2,Fine,0.003044479,Microbes
13,Alder,Single-species litterbags,3,Fine,0.0031771,Microbes
13,Alder,Single-species litterbags,4,Fine,0.003423033,Microbes
13,Oak,Mixed-species litterbags,1,Coarse,0.004450208,Detritivores
13,Oak,Mixed-species litterbags,2,Coarse,0.006529595,Detritivores
13,Oak,Mixed-species litterbags,3,Coarse,0.008001796,Detritivores
13,Oak,Mixed-species litterbags,4,Coarse,0.004603409,Detritivores
13,Oak,Mixed-species litterbags,1,Fine,0.000589978,Microbes
13,Oak,Mixed-species litterbags,2,Fine,0.00079827,Microbes
13,Oak,Mixed-species litterbags,3,Fine,0.00115629,Microbes
13,Oak,Mixed-species litterbags,4,Fine,0.001394295,Microbes
13,Oak,Single-species litterbags,1,Coarse,0.002240174,Detritivores
13,Oak,Single-species litterbags,2,Coarse,0.003455852,Detritivores
13,Oak,Single-species litterbags,3,Coarse,0.00291032,Detritivores
13,Oak,Single-species litterbags,4,Coarse,0.00339945,Detritivores
13,Oak,Single-species litterbags,1,Fine,0.001132043,Microbes
13,Oak,Single-species litterbags,2,Fine,0.000909552,Microbes
13,Oak,Single-species litterbags,3,Fine,0.000997678,Microbes
13,Oak,Single-species litterbags,4,Fine,0.001062157,Microbes
13,Robinia,Mixed-species litterbags,1,Coarse,0.007635813,Detritivores
13,Robinia,Mixed-species litterbags,2,Coarse,0.010689472,Detritivores
13,Robinia,Mixed-species litterbags,3,Coarse,0.007938663,Detritivores
13,Robinia,Mixed-species litterbags,4,Coarse,0.008203648,Detritivores
13,Robinia,Mixed-species litterbags,1,Fine,0.001834113,Microbes
13,Robinia,Mixed-species litterbags,2,Fine,0.001495671,Microbes
13,Robinia,Mixed-species litterbags,3,Fine,0.003132137,Microbes
13,Robinia,Mixed-species litterbags,4,Fine,0.001365378,Microbes
13,Robinia,Single-species litterbags,1,Coarse,0.005641521,Detritivores
13,Robinia,Single-species litterbags,2,Coarse,0.009532204,Detritivores
13,Robinia,Single-species litterbags,3,Coarse,0.004584332,Detritivores
13,Robinia,Single-species litterbags,4,Coarse,0.004866202,Detritivores
13,Robinia,Single-species litterbags,1,Fine,0.002052881,Microbes
13,Robinia,Single-species litterbags,2,Fine,0.001729733,Microbes
13,Robinia,Single-species litterbags,3,Fine,0.001199587,Microbes
13,Robinia,Single-species litterbags,4,Fine,0.001321128,Microbes
14,Alder,Mixed-species litterbags,1,Coarse,0.052799466,Detritivores
14,Alder,Mixed-species litterbags,2,Coarse,0.052799466,Detritivores
14,Alder,Mixed-species litterbags,3,Coarse,0.034283275,Detritivores
14,Alder,Mixed-species litterbags,4,Coarse,0.012380145,Detritivores
14,Alder,Mixed-species litterbags,1,Fine,0.00308822,Microbes
14,Alder,Mixed-species litterbags,2,Fine,0.002652604,Microbes
14,Alder,Mixed-species litterbags,3,Fine,0.002903188,Microbes
14,Alder,Mixed-species litterbags,4,Fine,0.00309897,Microbes
14,Alder,Single-species litterbags,1,Coarse,0.058705081,Detritivores
14,Alder,Single-species litterbags,2,Coarse,0.01519558,Detritivores
14,Alder,Single-species litterbags,3,Coarse,0.058682947,Detritivores
14,Alder,Single-species litterbags,4,Coarse,0.058678015,Detritivores
14,Alder,Single-species litterbags,1,Fine,0.003002377,Microbes
14,Alder,Single-species litterbags,2,Fine,0.002150244,Microbes
14,Alder,Single-species litterbags,3,Fine,0.002616415,Microbes
14,Alder,Single-species litterbags,4,Fine,0.001942709,Microbes
14,Oak,Mixed-species litterbags,1,Coarse,0.005454751,Detritivores
14,Oak,Mixed-species litterbags,2,Coarse,0.005383491,Detritivores
14,Oak,Mixed-species litterbags,3,Coarse,0.003702805,Detritivores
14,Oak,Mixed-species litterbags,4,Coarse,0.003735654,Detritivores
14,Oak,Mixed-species litterbags,1,Fine,0.000599397,Microbes
14,Oak,Mixed-species litterbags,2,Fine,0.000535112,Microbes
14,Oak,Mixed-species litterbags,3,Fine,0.000839125,Microbes
14,Oak,Mixed-species litterbags,4,Fine,0.001012442,Microbes
14,Oak,Single-species litterbags,1,Coarse,0.003455187,Detritivores
14,Oak,Single-species litterbags,2,Coarse,0.00213371,Detritivores
14,Oak,Single-species litterbags,3,Coarse,0.002948446,Detritivores
14,Oak,Single-species litterbags,4,Coarse,0.002656178,Detritivores
14,Oak,Single-species litterbags,1,Fine,0.000992435,Microbes
14,Oak,Single-species litterbags,2,Fine,0.00078968,Microbes
14,Oak,Single-species litterbags,3,Fine,0.000742991,Microbes
14,Oak,Single-species litterbags,4,Fine,0.000937608,Microbes
14,Robinia,Mixed-species litterbags,1,Coarse,0.012316192,Detritivores
14,Robinia,Mixed-species litterbags,2,Coarse,0.016897995,Detritivores
14,Robinia,Mixed-species litterbags,3,Coarse,0.005313137,Detritivores
14,Robinia,Mixed-species litterbags,4,Coarse,0.016684629,Detritivores
14,Robinia,Mixed-species litterbags,1,Fine,0.004008763,Microbes
14,Robinia,Mixed-species litterbags,2,Fine,0.000880743,Microbes
14,Robinia,Mixed-species litterbags,3,Fine,0.00134793,Microbes
14,Robinia,Mixed-species litterbags,4,Fine,0.001059645,Microbes
14,Robinia,Single-species litterbags,1,Coarse,0.003319518,Detritivores
14,Robinia,Single-species litterbags,2,Coarse,0.006772886,Detritivores
14,Robinia,Single-species litterbags,3,Coarse,0.006206426,Detritivores
14,Robinia,Single-species litterbags,4,Coarse,0.006914828,Detritivores
14,Robinia,Single-species litterbags,1,Fine,0.002205851,Microbes
14,Robinia,Single-species litterbags,2,Fine,0.002160496,Microbes
14,Robinia,Single-species litterbags,3,Fine,0.001963141,Microbes
14,Robinia,Single-species litterbags,4,Fine,0.001309754,Microbes
15,Alder,Mixed-species litterbags,1,Coarse,0.056987407,Detritivores
15,Alder,Mixed-species litterbags,2,Coarse,0.05687067,Detritivores
15,Alder,Mixed-species litterbags,3,Coarse,0.056915872,Detritivores
15,Alder,Mixed-species litterbags,4,Coarse,0.017598647,Detritivores
15,Alder,Mixed-species litterbags,1,Fine,0.001794549,Microbes
15,Alder,Mixed-species litterbags,2,Fine,0.001385597,Microbes
15,Alder,Mixed-species litterbags,3,Fine,0.001304931,Microbes
15,Alder,Mixed-species litterbags,4,Fine,0.001398548,Microbes
15,Alder,Single-species litterbags,1,Coarse,0.063401812,Detritivores
15,Alder,Single-species litterbags,2,Coarse,0.023528865,Detritivores
15,Alder,Single-species litterbags,3,Coarse,0.063396489,Detritivores
15,Alder,Single-species litterbags,4,Coarse,0.018311723,Detritivores
15,Alder,Single-species litterbags,1,Fine,0.001359323,Microbes
15,Alder,Single-species litterbags,2,Fine,0.001216942,Microbes
15,Alder,Single-species litterbags,3,Fine,0.001249716,Microbes
15,Alder,Single-species litterbags,4,Fine,0.001305817,Microbes
15,Oak,Mixed-species litterbags,1,Coarse,0.005535978,Detritivores
15,Oak,Mixed-species litterbags,2,Coarse,0.004335815,Detritivores
15,Oak,Mixed-species litterbags,3,Coarse,0.004685524,Detritivores
15,Oak,Mixed-species litterbags,4,Coarse,0.004200033,Detritivores
15,Oak,Mixed-species litterbags,1,Fine,0.000740865,Microbes
15,Oak,Mixed-species litterbags,2,Fine,0.000798279,Microbes
15,Oak,Mixed-species litterbags,3,Fine,0.000835168,Microbes
15,Oak,Mixed-species litterbags,4,Fine,0.000991448,Microbes
15,Oak,Single-species litterbags,1,Coarse,0.00422482,Detritivores
15,Oak,Single-species litterbags,2,Coarse,0.005198312,Detritivores
15,Oak,Single-species litterbags,3,Coarse,0.004667889,Detritivores
15,Oak,Single-species litterbags,4,Coarse,0.003555849,Detritivores
15,Oak,Single-species litterbags,1,Fine,0.000788941,Microbes
15,Oak,Single-species litterbags,2,Fine,0.000748039,Microbes
15,Oak,Single-species litterbags,3,Fine,0.000636844,Microbes
15,Oak,Single-species litterbags,4,Fine,0.000752951,Microbes
15,Robinia,Mixed-species litterbags,1,Coarse,0.018422936,Detritivores
15,Robinia,Mixed-species litterbags,2,Coarse,0.010925201,Detritivores
15,Robinia,Mixed-species litterbags,3,Coarse,0.05741929,Detritivores
15,Robinia,Mixed-species litterbags,4,Coarse,0.013880344,Detritivores
15,Robinia,Mixed-species litterbags,1,Fine,0.001327873,Microbes
15,Robinia,Mixed-species litterbags,2,Fine,0.001093595,Microbes
15,Robinia,Mixed-species litterbags,3,Fine,0.001144674,Microbes
15,Robinia,Mixed-species litterbags,4,Fine,0.00092098,Microbes
15,Robinia,Single-species litterbags,1,Coarse,0.00657906,Detritivores
15,Robinia,Single-species litterbags,2,Coarse,0.00501021,Detritivores
15,Robinia,Single-species litterbags,3,Coarse,0.004073009,Detritivores
15,Robinia,Single-species litterbags,4,Coarse,0.00537235,Detritivores
15,Robinia,Single-species litterbags,1,Fine,0.001443926,Microbes
15,Robinia,Single-species litterbags,2,Fine,0.001220528,Microbes
15,Robinia,Single-species litterbags,3,Fine,0.000859832,Microbes
15,Robinia,Single-species litterbags,4,Fine,0.000683985,Microbes
16,Alder,Mixed-species litterbags,1,Coarse,0.057743959,Detritivores
16,Alder,Mixed-species litterbags,2,Coarse,0.036541654,Detritivores
16,Alder,Mixed-species litterbags,3,Coarse,0.01827536,Detritivores
16,Alder,Mixed-species litterbags,4,Coarse,0.036463709,Detritivores
16,Alder,Mixed-species litterbags,1,Fine,0.001049392,Microbes
16,Alder,Mixed-species litterbags,2,Fine,0.001330401,Microbes
16,Alder,Mixed-species litterbags,3,Fine,0.002532934,Microbes
16,Alder,Mixed-species litterbags,4,Fine,0.004910376,Microbes
16,Alder,Single-species litterbags,1,Coarse,0.064110627,Detritivores
16,Alder,Single-species litterbags,2,Coarse,0.064126725,Detritivores
16,Alder,Single-species litterbags,3,Coarse,0.064099868,Detritivores
16,Alder,Single-species litterbags,4,Coarse,0.06410256,Detritivores
16,Alder,Single-species litterbags,1,Fine,0.001353662,Microbes
16,Alder,Single-species litterbags,2,Fine,0.001293257,Microbes
16,Alder,Single-species litterbags,3,Fine,0.001949863,Microbes
16,Alder,Single-species litterbags,4,Fine,0.001676892,Microbes
16,Oak,Mixed-species litterbags,1,Coarse,0.004945197,Detritivores
16,Oak,Mixed-species litterbags,2,Coarse,0.004009023,Detritivores
16,Oak,Mixed-species litterbags,3,Coarse,0.006586861,Detritivores
16,Oak,Mixed-species litterbags,4,Coarse,0.004797274,Detritivores
16,Oak,Mixed-species litterbags,1,Fine,0.000853295,Microbes
16,Oak,Mixed-species litterbags,2,Fine,0.000936821,Microbes
16,Oak,Mixed-species litterbags,3,Fine,0.000451295,Microbes
16,Oak,Mixed-species litterbags,4,Fine,0.000929919,Microbes
16,Oak,Single-species litterbags,1,Coarse,0.008459832,Detritivores
16,Oak,Single-species litterbags,2,Coarse,0.010438897,Detritivores
16,Oak,Single-species litterbags,3,Coarse,0.004925721,Detritivores
16,Oak,Single-species litterbags,4,Coarse,0.006162731,Detritivores
16,Oak,Single-species litterbags,1,Fine,0.001029399,Microbes
16,Oak,Single-species litterbags,2,Fine,0.000880483,Microbes
16,Oak,Single-species litterbags,3,Fine,0.000779251,Microbes
16,Oak,Single-species litterbags,4,Fine,0.000768433,Microbes
16,Robinia,Mixed-species litterbags,1,Coarse,0.014711321,Detritivores
16,Robinia,Mixed-species litterbags,2,Coarse,0.010562615,Detritivores
16,Robinia,Mixed-species litterbags,3,Coarse,0.023485155,Detritivores
16,Robinia,Mixed-species litterbags,4,Coarse,0.008110731,Detritivores
16,Robinia,Mixed-species litterbags,1,Fine,0.001184859,Microbes
16,Robinia,Mixed-species litterbags,2,Fine,0.000964589,Microbes
16,Robinia,Mixed-species litterbags,3,Fine,0.001289759,Microbes
16,Robinia,Mixed-species litterbags,4,Fine,0.001264193,Microbes
16,Robinia,Single-species litterbags,1,Coarse,0.014207832,Detritivores
16,Robinia,Single-species litterbags,2,Coarse,0.004864381,Detritivores
16,Robinia,Single-species litterbags,3,Coarse,0.016616622,Detritivores
16,Robinia,Single-species litterbags,4,Coarse,0.033864621,Detritivores
16,Robinia,Single-species litterbags,1,Fine,0.002487074,Microbes
16,Robinia,Single-species litterbags,2,Fine,0.001272189,Microbes
16,Robinia,Single-species litterbags,3,Fine,0.001508668,Microbes
16,Robinia,Single-species litterbags,4,Fine,0.001053801,Microbes
17,Alder,Mixed-species litterbags,1,Coarse,0.010080974,Detritivores
17,Alder,Mixed-species litterbags,2,Coarse,0.00775413,Detritivores
17,Alder,Mixed-species litterbags,3,Coarse,0.008474133,Detritivores
17,Alder,Mixed-species litterbags,4,Coarse,0.010414836,Detritivores
17,Alder,Mixed-species litterbags,1,Fine,0.004848148,Microbes
17,Alder,Mixed-species litterbags,2,Fine,0.002637249,Microbes
17,Alder,Mixed-species litterbags,3,Fine,0.002498696,Microbes
17,Alder,Mixed-species litterbags,4,Fine,0.002493972,Microbes
17,Alder,Single-species litterbags,1,Coarse,0.00727522,Detritivores
17,Alder,Single-species litterbags,2,Coarse,0.008616273,Detritivores
17,Alder,Single-species litterbags,3,Coarse,0.008963845,Detritivores
17,Alder,Single-species litterbags,4,Coarse,0.008462418,Detritivores
17,Alder,Single-species litterbags,1,Fine,0.002889675,Microbes
17,Alder,Single-species litterbags,2,Fine,0.001870844,Microbes
17,Alder,Single-species litterbags,3,Fine,0.003021798,Microbes
17,Alder,Single-species litterbags,4,Fine,0.002228733,Microbes
17,Oak,Mixed-species litterbags,1,Coarse,0.001133476,Detritivores
17,Oak,Mixed-species litterbags,2,Coarse,0.001308079,Detritivores
17,Oak,Mixed-species litterbags,3,Coarse,0.001768742,Detritivores
17,Oak,Mixed-species litterbags,4,Coarse,0.001291083,Detritivores
17,Oak,Mixed-species litterbags,1,Fine,0.000898028,Microbes
17,Oak,Mixed-species litterbags,2,Fine,0.000900024,Microbes
17,Oak,Mixed-species litterbags,3,Fine,0.000332046,Microbes
17,Oak,Mixed-species litterbags,4,Fine,0.000752793,Microbes
17,Oak,Single-species litterbags,1,Coarse,0.001130322,Detritivores
17,Oak,Single-species litterbags,2,Coarse,0.000279662,Detritivores
17,Oak,Single-species litterbags,3,Coarse,0.001537805,Detritivores
17,Oak,Single-species litterbags,4,Coarse,0.00167286,Detritivores
17,Oak,Single-species litterbags,1,Fine,0.000952734,Microbes
17,Oak,Single-species litterbags,2,Fine,0.001022651,Microbes
17,Oak,Single-species litterbags,3,Fine,0.000901292,Microbes
17,Oak,Single-species litterbags,4,Fine,0.000891965,Microbes
17,Robinia,Mixed-species litterbags,1,Coarse,0.005423123,Detritivores
17,Robinia,Mixed-species litterbags,2,Coarse,0.001557145,Detritivores
17,Robinia,Mixed-species litterbags,3,Coarse,0.003469409,Detritivores
17,Robinia,Mixed-species litterbags,4,Coarse,0.003402964,Detritivores
17,Robinia,Mixed-species litterbags,1,Fine,0.0021687,Microbes
17,Robinia,Mixed-species litterbags,2,Fine,0.00287856,Microbes
17,Robinia,Mixed-species litterbags,3,Fine,0.002501359,Microbes
17,Robinia,Mixed-species litterbags,4,Fine,0.000937924,Microbes
17,Robinia,Single-species litterbags,1,Coarse,0.003188158,Detritivores
17,Robinia,Single-species litterbags,2,Coarse,0.002885293,Detritivores
17,Robinia,Single-species litterbags,3,Coarse,0.004915996,Detritivores
17,Robinia,Single-species litterbags,4,Coarse,0.002434709,Detritivores
17,Robinia,Single-species litterbags,1,Fine,0.001789595,Microbes
17,Robinia,Single-species litterbags,2,Fine,0.002250816,Microbes
17,Robinia,Single-species litterbags,3,Fine,0.001780839,Microbes
17,Robinia,Single-species litterbags,4,Fine,0.000854222,Microbes
18,Alder,Mixed-species litterbags,1,Coarse,0.007142442,Detritivores
18,Alder,Mixed-species litterbags,2,Coarse,0.006932279,Detritivores
18,Alder,Mixed-species litterbags,3,Coarse,0.007385155,Detritivores
18,Alder,Mixed-species litterbags,4,Coarse,0.006906315,Detritivores
18,Alder,Mixed-species litterbags,1,Fine,0.003339018,Microbes
18,Alder,Mixed-species litterbags,2,Fine,0.00542422,Microbes
18,Alder,Mixed-species litterbags,3,Fine,0.004353767,Microbes
18,Alder,Mixed-species litterbags,4,Fine,0.00237951,Microbes
18,Alder,Single-species litterbags,1,Coarse,0.006259849,Detritivores
18,Alder,Single-species litterbags,2,Coarse,0.006614854,Detritivores
18,Alder,Single-species litterbags,3,Coarse,0.006456437,Detritivores
18,Alder,Single-species litterbags,4,Coarse,0.005917136,Detritivores
18,Alder,Single-species litterbags,1,Fine,0.001794391,Microbes
18,Alder,Single-species litterbags,2,Fine,0.002463906,Microbes
18,Alder,Single-species litterbags,3,Fine,0.002479052,Microbes
18,Alder,Single-species litterbags,4,Fine,0.002611729,Microbes
18,Oak,Mixed-species litterbags,1,Coarse,0.001707852,Detritivores
18,Oak,Mixed-species litterbags,2,Coarse,0.001681323,Detritivores
18,Oak,Mixed-species litterbags,3,Coarse,0.000968257,Detritivores
18,Oak,Mixed-species litterbags,4,Coarse,0.002232935,Detritivores
18,Oak,Mixed-species litterbags,1,Fine,0.001096761,Microbes
18,Oak,Mixed-species litterbags,2,Fine,0.000956114,Microbes
18,Oak,Mixed-species litterbags,3,Fine,0.000891731,Microbes
18,Oak,Mixed-species litterbags,4,Fine,0.00089027,Microbes
18,Oak,Single-species litterbags,1,Coarse,0.001777174,Detritivores
18,Oak,Single-species litterbags,2,Coarse,0.000948058,Detritivores
18,Oak,Single-species litterbags,3,Coarse,0.001230334,Detritivores
18,Oak,Single-species litterbags,4,Coarse,0.001254484,Detritivores
18,Oak,Single-species litterbags,1,Fine,0.001165513,Microbes
18,Oak,Single-species litterbags,2,Fine,0.000705859,Microbes
18,Oak,Single-species litterbags,3,Fine,0.000976022,Microbes
18,Oak,Single-species litterbags,4,Fine,0.001079956,Microbes
18,Robinia,Mixed-species litterbags,1,Coarse,0.001663159,Detritivores
18,Robinia,Mixed-species litterbags,2,Coarse,0.003071989,Detritivores
18,Robinia,Mixed-species litterbags,3,Coarse,0.002198856,Detritivores
18,Robinia,Mixed-species litterbags,4,Coarse,0.002755695,Detritivores
18,Robinia,Mixed-species litterbags,1,Fine,0.001357184,Microbes
18,Robinia,Mixed-species litterbags,2,Fine,0.001264749,Microbes
18,Robinia,Mixed-species litterbags,3,Fine,0.000733892,Microbes
18,Robinia,Mixed-species litterbags,4,Fine,0.001051873,Microbes
18,Robinia,Single-species litterbags,1,Coarse,0.003298608,Detritivores
18,Robinia,Single-species litterbags,2,Coarse,0.004371953,Detritivores
18,Robinia,Single-species litterbags,3,Coarse,0.003993128,Detritivores
18,Robinia,Single-species litterbags,4,Coarse,0.003561773,Detritivores
18,Robinia,Single-species litterbags,1,Fine,0.001416602,Microbes
18,Robinia,Single-species litterbags,2,Fine,0.001538822,Microbes
18,Robinia,Single-species litterbags,3,Fine,0.001676915,Microbes
18,Robinia,Single-species litterbags,4,Fine,0.001461192,Microbes